{"cameraMode":{"drawMode":0,"name":"Shaded","section":"Shading Mode"},"sceneLighting":false,"audioPlay":false,"sceneViewState":{"m_AlwaysRefresh":false,"showFog":true,"showSkybox":false,"showFlares":true,"showImageEffects":true,"showParticleSystems":true,"showVisualEffectGraphs":true,"m_FxEnabled":true},"in2DMode":false,"pivot":{"x":-0.07700282335281372,"y":0.18004417419433595,"z":0.0352935791015625},"rotation":{"x":-0.1700235903263092,"y":0.10825233906507492,"z":-0.01882566325366497,"w":-0.9793490767478943},"size":0.4992779791355133,"orthographic":false}