{"cameraMode":{"drawMode":0,"name":"Shaded","section":"Shading Mode"},"sceneLighting":true,"audioPlay":false,"sceneViewState":{"m_AlwaysRefresh":false,"showFog":true,"showSkybox":true,"showFlares":true,"showImageEffects":true,"showParticleSystems":true,"showVisualEffectGraphs":true,"m_FxEnabled":true},"in2DMode":false,"pivot":{"x":509.9552307128906,"y":21.130197525024415,"z":30.107402801513673},"rotation":{"x":-0.21061916649341584,"y":0.3312437832355499,"z":-0.07626824080944061,"w":-0.9166725873947144},"size":38.569801330566409,"orthographic":false}