{"cameraMode":{"drawMode":0,"name":"Shaded","section":"Shading Mode"},"sceneLighting":false,"audioPlay":false,"sceneViewState":{"m_AlwaysRefresh":false,"showFog":true,"showSkybox":false,"showFlares":true,"showImageEffects":true,"showParticleSystems":true,"showVisualEffectGraphs":true,"m_FxEnabled":true},"in2DMode":false,"pivot":{"x":-0.7728862762451172,"y":6.691467761993408,"z":0.27144575119018557},"rotation":{"x":-0.12382000684738159,"y":0.14001379907131196,"z":-0.01765304058790207,"w":-0.9822371602058411},"size":13.446187973022461,"orthographic":false}